trial,block,segment,trial_in_seg,target,is_reversal_trial,rewarded_if_correct,left_stim
0,0,0,0,A,0,1,A
1,0,0,1,A,0,1,B
2,0,0,2,A,0,1,A
3,0,0,3,A,0,0,B
4,0,0,4,A,0,1,B
5,0,0,5,A,0,1,A
6,0,0,6,A,0,1,B
7,0,0,7,A,0,1,A
8,0,0,8,A,0,1,B
9,0,0,9,A,0,1,B
10,0,0,10,A,0,1,A
11,0,0,11,A,0,1,A
12,0,0,12,A,0,1,A
13,0,0,13,A,0,0,B
14,0,0,14,A,0,1,B
15,0,0,15,A,0,0,B
16,0,0,16,A,0,1,B
17,0,0,17,A,0,1,B
18,0,0,18,A,0,0,A
19,0,1,0,B,1,0,B
20,0,1,1,B,0,1,B
21,0,1,2,B,0,1,A
22,0,1,3,B,0,1,A
23,0,1,4,B,0,0,A
24,0,1,5,B,0,1,B
25,0,1,6,B,0,1,A
26,0,1,7,B,0,1,A
27,0,1,8,B,0,0,A
28,0,1,9,B,0,0,B
29,0,1,10,B,0,0,B
30,0,1,11,B,0,1,A
31,0,1,12,B,0,0,B
32,0,1,13,B,0,1,B
33,0,1,14,B,0,1,B
34,0,1,15,B,0,1,A
35,0,1,16,B,0,1,B
36,0,2,0,A,1,0,A
37,0,2,1,A,0,1,B
38,0,2,2,A,0,1,A
39,0,2,3,A,0,1,A
40,1,2,4,A,0,1,A
41,1,2,5,A,0,1,A
42,1,2,6,A,0,0,A
43,1,2,7,A,0,1,A
44,1,2,8,A,0,1,A
45,1,2,9,A,0,1,A
46,1,2,10,A,0,1,B
47,1,2,11,A,0,0,A
48,1,2,12,A,0,1,A
49,1,2,13,A,0,1,A
50,1,2,14,A,0,1,B
51,1,2,15,A,0,1,A
52,1,2,16,A,0,0,A
53,1,2,17,A,0,1,A
54,1,2,18,A,0,0,A
55,1,2,19,A,0,1,B
56,1,2,20,A,0,1,A
57,1,2,21,A,0,1,B
58,1,3,0,B,1,1,A
59,1,3,1,B,0,1,B
60,1,3,2,B,0,1,B
61,1,3,3,B,0,0,B
62,1,3,4,B,0,0,A
63,1,3,5,B,0,1,A
64,1,3,6,B,0,0,A
65,1,3,7,B,0,1,A
66,1,3,8,B,0,0,B
67,1,3,9,B,0,1,A
68,1,3,10,B,0,1,B
69,1,3,11,B,0,1,A
70,1,3,12,B,0,1,B
71,1,3,13,B,0,0,B
72,1,3,14,B,0,1,B
73,1,3,15,B,0,0,B
74,1,3,16,B,0,1,A
75,1,4,0,A,1,1,A
76,1,4,1,A,0,1,A
77,1,4,2,A,0,1,A
78,1,4,3,A,0,1,B
79,1,4,4,A,0,1,B
80,2,4,5,A,0,1,A
81,2,4,6,A,0,1,B
82,2,4,7,A,0,1,A
83,2,4,8,A,0,1,A
84,2,4,9,A,0,1,A
85,2,4,10,A,0,1,B
86,2,4,11,A,0,1,B
87,2,4,12,A,0,1,B
88,2,4,13,A,0,1,A
89,2,4,14,A,0,1,A
90,2,4,15,A,0,1,A
91,2,4,16,A,0,1,B
92,2,4,17,A,0,0,A
93,2,4,18,A,0,0,B
94,2,4,19,A,0,1,B
95,2,4,20,A,0,1,B
96,2,4,21,A,0,1,A
97,2,4,22,A,0,0,A
98,2,5,0,B,1,0,B
99,2,5,1,B,0,0,B
100,2,5,2,B,0,1,A
101,2,5,3,B,0,1,A
102,2,5,4,B,0,0,A
103,2,5,5,B,0,1,A
104,2,5,6,B,0,0,B
105,2,5,7,B,0,1,A
106,2,5,8,B,0,1,B
107,2,5,9,B,0,1,A
108,2,5,10,B,0,1,B
109,2,5,11,B,0,1,A
110,2,5,12,B,0,0,A
111,2,5,13,B,0,1,B
112,2,5,14,B,0,1,A
113,2,5,15,B,0,1,A
114,2,5,16,B,0,1,A
115,2,5,17,B,0,1,B
116,2,5,18,B,0,0,A
117,2,5,19,B,0,0,B
118,2,5,20,B,0,1,B
119,2,5,21,B,0,1,B
